go,16533
know,15156
will,14611
can,14275
get,13993
say,9447
make,8669
come,8281
let,7972
love,7924
want,7790
see,7055
take,6879
be,6330
feel,5512
tell,5503
would,4798
give,4612
think,4523
need,4451
keep,3555
could,3554
look,3435
find,2726
leave,2617
hold,2571
try,2439
turn,2429
like,2312
call,2285
hear,2264
wanna,2005
stop,1971
run,1880
put,1866
wait,1852
live,1845
walk,1789
play,1784
fall,1755
do,1721
lose,1643
stay,1622
break,1619
believe,1610
cry,1593
talk,1551
show,1546
mean,1333
start,1328
move,1312
may,1263
dance,1263
should,1260
shake,1209
stand,1203
use,1175
bring,1143
watch,1132
remember,1123
die,1007
miss,984
change,969
seem,929
care,926
meet,916
lie,911
hit,901
work,891
sing,888
touch,872
help,856
wish,850
understand,839
gon,839
ask,835
Can,823
fly,806
hurt,774
must,771
kiss,766
burn,735
ride,722
catch,697
roll,696
have,674
got,670
forget,666
listen,662
drive,656
wake,638
fuck,622
shine,621
sit,598
hope,586
blow,573
hide,564
throw,561
’,547
sleep,545
grow,534
spend,530
smile,522
rock,521
wonder,519
learn,517
cause,511
save,510
beat,508
guess,495
dream,495
pull,494
buy,484
send,472
happen,469
end,463
hate,460
fight,459
hang,458
pay,448
jump,444
set,440
belong,434
pass,432
bear,419
drop,417
Would,415
write,411
swear,410
close,399
treat,397
check,390
Will,378
open,366
promise,354
worry,354
wear,350
matter,347
pray,346
Could,340
drink,339
share,337
kill,336
fill,329
lay,328
thank,326
kick,324
reach,324
act,320
begin,319
cut,319
win,311
shoot,310
laugh,306
carry,305
knock,303
follow,303
light,300
tear,295
speak,291
build,290
waste,289
pick,288
pop,279
eat,275
breathe,264
count,260
mind,259
push,251
stick,249
step,247
dig,245
shout,244
scream,243
singe,240
read,238
realize,236
trust,235
fade,234
last,233
rain,233
face,228
beg,222
lead,222
blame,212
bet,212
choose,210
smoke,208
mess,206
lift,205
steal,204
lock,203
sound,201
taste,201
search,200
rise,194
slip,192
become,190
teach,190
pretend,188
alright,188
stare,188
sell,183
please,182
raise,181
suppose,180
deny,178
remind,176
bust,173
pour,172
shut,171
grab,170
slow,169
lean,168
darle,163
tie,161
'd,160
spin,157
prove,154
cross,153
handle,152
baby,150
explain,148
dress,146
pump,145
marry,145
fool,145
deserve,144
been,138
dip,136
hurry,136
twist,136
wash,136
ring,135
bounce,134
produce,133
fix,132
flow,132
bout,130
survive,129
figure,127
tryin,127
Should,126
chase,126
sail,125
head,121
bleed,120
swing,120
whip,116
bind,115
wrap,114
forgive,112
wo,111
quit,110
pack,110
climb,110
decide,108
feed,108
own,106
disappear,104
smell,104
slide,103
escape,102
admit,102
cheat,102
walkin,100
control,100
bless,100
celebrate,100
sip,100
whisper,100
Put,97
girl,97
adore,97
fit,97
Come,95
rush,95
scare,95
enjoy,95
paint,94
bite,94
drown,93
answer,93
turnin,92
strike,92
clap,91
switch,91
freak,89
back,89
name,89
cover,88
notice,85
wave,85
sweat,85
bend,84
travel,84
float,84
creep,84
suck,82
tick,81
trip,81
blind,81
imagine,81
flip,80
lick,80
rub,80
rip,80
chill,80
stroke,80
spread,79
groove,78
shawty,78
cherish,78
plan,77
squeeze,76
remain,76
heal,75
join,75
resist,74
dare,74
round,74
deal,73
rest,73
wind,72
ball,72
depend,72
compare,72
sign,72
drift,72
fear,72
s,71
free,71
ease,71
spring,71
welcome,71
tease,69
re,69
return,69
bother,69
crash,69
bop,69
ought,68
settle,68
guarantee,68
Must,67
fire,67
hand,67
confess,67
hypnotize,67
gimme,67
shall,67
surround,66
Set,66
thoe,65
hop,65
draw,65
sock,64
spit,64
swinge,64
cool,63
surrender,63
trippin,63
relax,62
sink,62
babe,62
rule,62
party,61
doubt,61
freeze,60
part,60
satisfy,60
excuse,59
guide,59
Hit,59
May,59
finish,59
melt,59
respect,58
til,58
hesitate,57
swallow,57
mix,56
appear,56
apologize,56
cost,55
expect,55
crack,54
dry,54
front,54
grind,53
fail,53
regret,53
release,52
stir,52
fuckin,52
owe,52
sweep,52
repeat,51
boom,51
singin,51
diamond,50
discover,50
grant,50
warm,50
cock,50
seek,50
wit,50
ignore,50
recognize,49
cop,49
refuse,49
stack,49
bump,49
rhyme,49
roam,49
cash,49
seal,49
sow,48
thrill,48
crawl,48
agree,47
wid,47
boogie,47
replace,47
split,47
confuse,46
shed,46
swim,46
drag,46
damage,46
stutter,46
post,46
lookin,46
rap,45
recall,45
side,45
glow,45
express,45
slap,45
wipe,45
bag,44
praise,44
wah,44
woo,44
tumble,44
stone,43
hook,43
arrive,43
offer,43
claim,43
desire,43
create,43
bury,42
stress,42
wander,42
stumble,42
de,42
rake,42
haunt,42
talkin,41
stomp,41
wreck,41
rescue,41
holler,41
snow,41
smack,40
shoulda,40
explode,40
strip,40
brush,40
cook,40
ya,39
snap,39
ble,39
sex,39
fake,39
tryna,39
yell,39
feelin,39
accept,39
mend,38
sittin,38
ache,38
press,38
bitch,38
dedicate,38
afford,37
pussy,37
soak,37
kickin,37
spoil,37
spill,37
livin,37
cast,37
impress,37
allow,37
complain,36
serve,36
choke,36
match,36
jam,36
appreciate,36
toss,36
exist,36
solve,35
represent,35
daddy,35
comfort,35
protect,35
collect,35
mention,35
capture,35
drip,35
hip,34
tip,34
cruise,34
deceive,34
add,34
dive,34
trap,34
shooby,34
gettin,34
test,34
peep,33
cure,33
flash,33
trade,33
cryin,33
rely,33
point,33
earn,33
sneak,32
coo,32
shit,32
cling,32
clear,32
bow,32
park,32
linger,32
I'mma,32
pound,32
describe,32
gather,32
damn,32
kid,32
argue,31
deliver,31
tap,31
receive,31
pardon,31
land,31
addict,31
bang,31
slam,31
dust,31
bore,30
reply,30
abuse,30
reminisce,30
fold,30
skip,30
erase,30
race,30
disagree,30
speed,30
disguise,30
caress,30
lend,30
sacrifice,30
destroy,30
roar,29
load,29
shatter,29
blaze,29
tighten,29
snuck,28
attract,28
kangaroo,28
uhh,28
trick,28
block,28
about,28
upset,28
invite,28
place,28
steppin,27
dancin,27
rockin,27
undo,27
involve,27
prepare,27
ass,27
shinin,27
chew,27
color,27
clean,27
preach,27
zoom,27
divide,27
warn,27
mislead,27
diss,27
introduce,27
shape,26
rollin,26
judge,26
spell,26
tempt,26
continue,26
crush,26
aim,26
watchin,26
loosen,26
ice,26
disturb,26
sayin,25
surf,25
line,25
starve,25
treasure,25
showin,25
lip,25
curse,25
bre,25
dial,25
inspire,25
chop,25
ste,24
convince,24
snatch,24
thinkin,24
flex,24
burst,24
calm,24
dem,24
strap,24
doggone,24
huh,24
plead,24
stroll,24
relate,24
succeed,23
desert,23
lounge,23
spark,23
whoa,23
gun,23
stretch,23
movin,23
compete,23
suffer,23
string,23
waitin,23
weep,23
possess,23
hug,23
gain,23
wiggle,23
double,23
grill,22
stoppin,22
vow,22
date,22
plant,22
hoe,22
picture,22
wink,22
fry,22
sway,22
stunt,22
yearn,22
freek,21
mama,21
justify,21
pimp,21
twerk,21
chain,21
connect,21
enter,21
undress,21
tangle,21
focus,21
accord,21
refrain,21
unwind,21
obsess,21
rev,21
wishin,21
funk,21
shove,21
poke,21
crank,20
separate,20
chuck,20
defeat,20
runnin,20
intend,20
reveal,20
whistle,20
jade,20
blast,20
long,20
gaze,20
echo,19
Shawty,19
heat,19
nigga,19
fucking,19
force,19
spare,19
click,19
borrow,19
toe,19
forgot,19
relieve,19
embrace,19
mask,19
rocket,19
ho,19
gusta,19
fulfill,19
conquer,19
man,19
avoid,19
shower,19
brag,19
soar,19
insist,18
sweeter,18
behave,18
spot,18
crumble,18
rearrange,18
amaze,18
scratch,18
soothe,18
demand,18
rep,18
surfin,18
mash,18
shop,18
boy,18
march,18
commit,18
bug,18
panky,18
puff,17
envy,17
bizarre,17
beware,17
kneel,17
cave,17
complete,17
moan,17
rack,17
dump,17
piss,17
shift,17
visit,17
way,17
defend,17
boo'd,17
graduate,17
rump,17
skate,17
approach,17
consider,17
tuck,17
weigh,16
jack,16
cheer,16
frown,16
excite,16
knowwww,16
rob,16
suit,16
smash,16
mistake,16
greet,16
workin,16
da,16
mine,16
charge,16
bloom,16
question,16
jes,16
study,16
listenin,16
eye,16
hearte,16
apply,16
sigh,15
blink,15
conceal,15
jerk,15
tremble,15
screw,15
phone,15
ruin,15
tame,15
ignite,15
grip,15
manage,15
sew,15
compromise,15
link,15
provide,15
bruise,15
mold,15
lace,15
daydream,15
tat,15
perform,15
messin,15
top,15
Shut,15
bake,15
stake,14
order,14
hatin,14
nate,14
define,14
brokenhearte,14
leak,14
crowd,14
fantasize,14
unlock,14
wantin,14
pose,14
cuddle,14
worship,14
drank,14
falter,14
thug,14
because,14
stray,14
lack,14
feature,14
depart,14
torture,14
weave,14
imitate,14
shock,14
consume,13
insane,13
risk,13
anticipate,13
punch,13
cold,13
proceed,13
rid,13
track,13
climbin,13
swerve,13
puttin,13
dim,13
taint,13
comin,13
hump,13
wing,13
rent,13
achieve,13
intricate,13
tint,13
reflect,13
concern,13
shade,13
tune,13
shelter,13
view,13
scar,13
poppin,12
pursue,12
shiver,12
Beat,12
makin,12
compliment,12
bringin,12
weed,12
actin,12
vanish,12
flaunt,12
forsake,12
copy,12
black,12
complicate,12
word,12
cum,12
stain,12
rejoice,12
mark,12
darken,12
nothing,12
peel,12
seduce,12
stank,12
trouble,12
knowin,12
flood,12
pinch,12
flirt,12
sia,12
skrrt,12
tender,12
gas,11
drum,11
entertain,11
destruct,11
bathe,11
coat,11
text,11
realise,11
Dip,11
brighten,11
telephone,11
affect,11
mourn,11
burnin,11
cater,11
pipe,11
concentrate,11
smokin,11
screamin,11
wine,11
star,11
direct,11
tend,11
pledge,11
explore,11
callin,11
twerke,11
assure,11
hammer,11
offend,11
bell,11
collide,11
school,11
support,11
accuse,11
awake,11
toast,11
throwin,11
runneth,11
practice,11
measure,11
rage,11
right,11
struggle,11
cake,11
lame,11
thugge,11
dick,11
sense,11
forbid,11
destine,10
despise,10
tattoo,10
cuss,10
pullin,10
knockin,10
drippin,10
await,10
attack,10
amount,10
panic,10
score,10
annoy,10
hum,10
harden,10
hype,10
rate,10
overrate,10
comb,10
plot,10
form,10
pile,10
hitch,10
cute,10
paparazzi,10
sexy,10
reverse,10
wet,10
punish,10
cope,10
mmm,10
neglect,10
crave,10
twinkle,10
drench,10
curl,10
smooth,10
contemplate,10
dynamite,10
design,10
se,10
battle,10
askin,10
discuss,10
bottom,10
pin,10
playin,10
row,10
exchange,10
mistreat,10
steer,10
-,10
circle,10
swell,10
hoo,10
expose,10
harm,10
stall,10
supply,10
record,10
dis,10
tire,10
dude,10
book,9
delay,9
stole,9
clown,9
sippin,9
grin,9
spray,9
buzz,9
revolve,9
iggin,9
unfold,9
disrespect,9
hopin,9
ere,9
drain,9
invest,9
baptize,9
waan,9
prefer,9
tan,9
fiend,9
correct,9
strut,9
unite,9
jocke,9
hunt,9
straighten,9
heed,9
wound,9
rewind,9
growin,9
drunk,9
surprise,9
whirl,9
hunger,9
bid,9
decline,9
hustle,9
beggin,9
soup,9
muster,9
cease,9
she,9
plow,9
gleam,9
woogie,9
visage,9
gotcha,9
rainin,9
tickle,9
intoxicate,8
vary,8
outrun,8
pause,8
strand,8
heave,8
contigo,8
captivate,8
challenge,8
holla,8
aah,8
debate,8
suicide,8
coast,8
loose,8
zone,8
arise,8
nail,8
maintain,8
overlook,8
violate,8
hittin,8
sparkle,8
Jerk,8
reason,8
dawn,8
leavin,8
shakin,8
equal,8
might,8
tasty,8
seh,8
overdose,8
suggest,8
conceive,8
weather,8
shield,8
latch,8
seize,8
itch,8
shy,8
learnin,8
strum,8
dirt,8
dodo,8
suicidal,8
descend,8
lust,8
fum,8
shack,8
miya,8
spendin,8
jive,8
demonstrate,8
certify,8
pronounce,8
goooo,8
lightne,8
memorize,8
plug,8
stuff,8
trace,8
ohhh,8
grieve,8
gold,8
body,8
misuse,8
everlaste,8
murder,8
smilin,8
sprinkle,8
page,8
attach,8
visualize,8
trickin,8
admire,8
joke,8
scuse,8
carve,8
brake,8
fraid,8
dear,8
clock,8
react,8
remove,8
unplug,7
scold,7
reject,7
bouncin,7
arrange,7
club,7
twirk,7
honey,7
fresh,7
conversate,7
g'd,7
tote,7
tape,7
clumsy,7
analyze,7
flame,7
redeem,7
attend,7
barefootin,7
blunt,7
fiftie,7
criticize,7
wife,7
bullshit,7
swe,7
persuade,7
dismiss,7
succumb,7
spice,7
dread,7
reel,7
report,7
cologne,7
suffocate,7
peak,7
wail,7
stab,7
cap,7
buckle,7
funkdafie,7
howl,7
ugh,7
phunk,7
Spread,7
cheek,7
water,7
farewell,7
twirl,7
nod,7
tiene,7
slick,7
enchant,7
communicate,7
decorate,7
assume,7
misbehave,7
dine,7
vogue,7
perish,7
bark,7
enslave,7
slay,7
drownin,7
lighten,7
retard,7
clone,7
shave,7
scheme,7
rot,7
buck,7
wall,7
fella,7
splash,7
whine,7
dribble,7
slippin,7
arrest,7
hella,7
invent,7
mmh,7
occur,7
brick,7
frolic,7
prescribe,7
giggle,7
peepin,7
sue,7
abandon,7
glance,7
misunderstand,7
flop,7
chest,7
mesmerize,7
wrestle,7
dog,7
note,7
blur,6
floss,6
jus,6
momma,6
mueve,6
abide,6
comprehend,6
repay,6
rape,6
kind,6
dammit,6
include,6
observe,6
sniff,6
así,6
chrome,6
goodbye,6
retire,6
tour,6
wrong,6
fe,6
CUT,6
prey,6
quench,6
retrieve,6
appeal,6
disconnect,6
chat,6
summon,6
stressin,6
charm,6
fulfil,6
reunite,6
discriminate,6
chance,6
gamble,6
train,6
betray,6
snapchat,6
breeze,6
flippin,6
curve,6
glisten,6
command,6
band,6
saddle,6
fast,6
discourage,6
bat,6
adorn,6
shoo,6
breed,6
WiLL,6
doll,6
stream,6
sin,6
align,6
frontin,6
big,6
pave,6
reap,6
boot,6
everyte,6
pout,6
droppin,6
awaken,6
numb,6
lacka,6
brew,6
illuminate,6
reign,6
suckle,6
scat,6
can`t,6
plannin,6
gift,6
faint,6
console,6
motor,6
quiver,6
mad,6
sharpen,6
hire,6
dreamt,6
entice,6
Read,6
outta,6
educate,6
require,6
swap,6
equip,6
overcome,6
ohh,6
Quit,6
pade,6
neck,6
slang,6
wavin,6
wobble,6
pluck,6
drinkin,6
irritate,6
betcha,6
chime,6
kitte,6
motherfucke,6
mow,6
honor,6
inna,6
jean,6
cept,6
rim,6
seen,6
que,6
reppin,6
nake,6
boss,6
secure,5
suge,5
penetrate,5
stalk,5
grit,5
hover,5
kush,5
relive,5
rockabye,5
givin,5
regulate,5
clutch,5
faze,5
hoist,5
edge,5
manifest,5
amor,5
simmer,5
slash,5
glide,5
peek,5
disgrace,5
dey,5
hmmmmm,5
yo,5
print,5
operate,5
swingin,5
overflow,5
creepin,5
tug,5
braid,5
base,5
cha,5
ayo,5
dunno,5
cloud,5
storm,5
dizzy,5
seep,5
took,5
sle,5
polish,5
slice,5
plunder,5
lane,5
chirp,5
spose,5
mob,5
sho,5
number,5
taggin,5
dm,5
yaw,5
drill,5
rehearse,5
intertwine,5
vibin,5
empty,5
niggas,5
testify,5
snuggle,5
exhale,5
occupy,5
swoop,5
interrupt,5
pain,5
astray,5
blowin,5
trot,5
state,5
toot,5
bare,5
starin,5
drape,5
present,5
detect,5
mi,5
Olaf,5
trickle,5
master,5
earnin,5
parlay,5
mack,5
sport,5
clip,5
asse,5
journey,5
tango,5
aqui,5
jude,5
unspeak,5
ladie,5
ye,5
scorn,5
ev'ry,5
wild,5
duck,5
dealin,5
fiende,5
stud,5
tone,5
prance,5
pine,5
rope,5
endure,5
establish,5
tú,5
brace,5
sever,5
queen,5
crown,5
transform,5
stre,5
Shall,5
paralyze,5
juggle,5
size,5
stink,5
contain,5
recommend,5
respond,5
rewrite,5
freaky,5
vibe,5
alter,5
mug,5
spy,5
key,5
Tropical,5
breakout,5
speedin,5
masquerade,5
fuss,5
mirror,5
pon,5
dead,5
boo,5
forgave,5
sage,5
shame,5
hail,5
predict,5
knee,5
poison,5
rapper,5
frustrate,5
scatter,5
uncover,5
shootin,5
song,5
dash,5
doe,5
lyin,5
heartbroken,5
gangsta,5
dunk,5
differ,5
loca,5
ramble,5
maxe,5
threaten,5
blindfold,5
geh,4
kidnap,4
choo,4
clothe,4
weaken,4
voice,4
choosey,4
spike,4
fabricate,4
whippin,4
goof,4
reassure,4
orbit,4
disown,4
shadow,4
fin,4
whack,4
guzzle,4
hundred,4
beep,4
patch,4
sleepin,4
spangle,4
batter,4
tengo,4
tingle,4
ban,4
shuck,4
monkey,4
chick,4
photograph,4
taunt,4
sweetheart,4
unravel,4
tellin,4
hereunder,4
goddamn,4
endorse,4
hey,4
flatter,4
zip,4
rotate,4
persist,4
smother,4
Wid,4
jumpin,4
bottle,4
age,4
adieu,4
promote,4
lap,4
sellin,4
restrain,4
diva,4
extend,4
coulda,4
adjust,4
cancel,4
attempt,4
shut'em,4
budge,4
jiggle,4
longtemp,4
real-,4
inject,4
furnish,4
mail,4
stompin,4
suspect,4
one,4
torment,4
a'thuggin,4
delete,4
stash,4
tach,4
cabeza,4
leap,4
snitch,4
mate,4
label,4
lil,4
disappoint,4
sorta,4
bide,4
foggin,4
getcha,4
hoes'll,4
flock,4
clappin,4
swirl,4
bokkle,4
imaginin,4
manipulate,4
advance,4
koozie,4
token,4
bone,4
sucka,4
cuff,4
masturbate,4
recite,4
combine,4
scrap,4
erupt,4
brillze,4
infect,4
ski,4
install,4
wax,4
curtain,4
slangin,4
wantcha,4
invade,4
clover,4
weh,4
shackle,4
hangin,4
neva,4
b,4
breakin,4
binge,4
cripple,4
employ,4
touchin,4
signin,4
woulda,4
perfect,4
fan,4
aaah,4
wearin,4
Si,4
hoppin,4
longneck,4
chasing,4
wallow,4
suckin,4
git,4
joint,4
space,4
layin,4
season,4
experience,4
inspect,4
approve,4
beach,4
wan't,4
ditch,4
manicure,4
skin,4
scarin,4
questionin,4
stock,4
olaf,4
waddle,4
yellin,4
replay,4
la,4
insecure,4
juice,4
ca,4
Wo,4
jingle,4
bail,4
rat,4
colour,4
gray,4
chit,4
tás,4
ash,4
ooze,4
dose,4
dissolve,4
winnin,4
sucker,4
strangle,4
provoke,4
seein,4
tow,4
ooooh,4
sag,4
flowin,4
upgrade,4
expand,4
frighten,4
beam,4
yeek,4
recreate,4
proud,4
changin,4
coy,4
defy,4
street,4
bolt,3
accomplish,3
reload,3
Let,3
decía,3
bangin,3
something,3
anyte,3
verse,3
stoop,3
flyin,3
slob,3
believin,3
pierce,3
kissin,3
reckon,3
riff,3
funky,3
convey,3
triflin,3
percolate,3
killer,3
slump,3
conmigo,3
cleanse,3
jot,3
savin,3
home,3
speakin,3
wilder,3
tattere,3
grasp,3
mope,3
flap,3
jock,3
womanizer,3
Cut,3
reappear,3
rust,3
iron,3
squeal,3
incline,3
harass,3
representin,3
lower,3
thought,3
condition,3
ship,3
groovin,3
slit,3
pet,3
sweatin,3
astound,3
trample,3
perch,3
shine-,3
dyin,3
file,3
tock,3
scope,3
tumbel,3
moanin,3
don't,3
doo,3
alarm,3
rediscover,3
duke,3
feeling,3
te,3
participate,3
brawl,3
vent,3
convert,3
sup'posed,3
lover,3
develop,3
ist,3
cage,3
discard,3
witness,3
flee,3
underestimate,3
vote,3
navigate,3
champagne,3
download,3
vomit,3
haul,3
divorce,3
coordinate,3
crinkle,3
ghzalti,3
untie,3
improve,3
station,3
bowlegge,3
twitch,3
chicken,3
peach,3
sho'nuf,3
lurk,3
turup,3
register,3
prob'ly,3
sido,3
couch,3
scrub,3
sanıyorsun,3
thumb,3
darn,3
sugar,3
pitch,3
engage,3
subside,3
nee,3
jangle,3
encourage,3
errore,3
mud,3
multiply,3
confront,3
snappin,3
arm,3
woman,3
slant,3
synchronize,3
liberate,3
gut,3
channel,3
buyin,3
bus,3
inherit,3
gape,3
O,3
overhear,3
superhero,3
loop,3
diese,3
toy,3
todo,3
repent,3
devote,3
babysittin,3
trugoy,3
surfer,3
convict,3
boast,3
thang,3
scrape,3
rumble,3
magnetize,3
recover,3
limp,3
scorch,3
prolong,3
ecstasy,3
cyar,3
feign,3
mobbin,3
wilt,3
ferry,3
broke,3
drivin,3
tout,3
u,3
burden,3
rosin,3
Boyz,3
rappin,3
stimulate,3
co,3
innocence,3
ratchet,3
ground,3
payin,3
pace,3
enlighten,3
dope,3
adopt,3
skim,3
scratchin,3
playthe,3
root,3
serenade,3
rendezvous,3
arouse,3
shoppin,3
style,3
domesticate,3
straight,3
breakaway,3
harmonize,3
donate,3
sorrow,3
dadi,3
bustin,3
hood,3
bar,3
flicker,3
crucify,3
slee,3
eliminate,3
donne,3
reelin,3
nag,3
tipsy,3
stackin,3
lucky,3
rattle,3
cough,3
karşılaş,3
cutthroat,3
trail,3
sentant,3
breath,3
laughin,3
streak,3
geeke,3
dock,3
family,3
shrivel,3
propose,3
keepin,3
unease,3
trash,3
revel,3
pressure,3
doom,3
wire,3
wack,3
corner,3
exaggerate,3
stagger,3
sun,3
dun,3
gal,3
dodge,3
sting,3
bargain,3
spank,3
mount,3
superstar,3
widow,3
giddyup,3
Aaaw,3
spoke,3
mousseux,3
bastard,3
capitalize,3
had,3
fightin,3
c'mon,3
takin,3
shoop,3
deuce,3
mumble,3
distract,3
reside,3
birth,3
ram,3
clit,3
gang,3
nibble,3
clutter,3
whisky,3
huff,3
lettin,3
busta,3
sort,3
diminish,3
puisse,3
dork,3
divert,3
bwoyfriend,3
obey,3
dang,3
nother,3
purchase,3
salt,3
render,3
shirt,3
dile,3
baguette,3
sizzle,3
unfurl,3
shred,3
silly,3
stricken,3
merry,3
meditate,3
lotta,3
beef,3
laughter,2
ear,2
entangle,2
war,2
befall,2
dro,2
puede,2
forevermore,2
acquire,2
memorie,2
reachin,2
dull,2
bum,2
bumper,2
puzzle,2
longue,2
degrade,2
identify,2
Skrt,2
remixin,2
fait,2
wacke,2
konjo,2
crisscross,2
pantie,2
shakedown,2
barkin,2
recline,2
pedir,2
wilde,2
punk,2
gushy,2
protest,2
retreat,2
elevate,2
pie,2
activate,2
guarda,2
infiltrate,2
pipin,2
brand,2
Hurt,2
rerock,2
shhh,2
monster,2
fate,2
ht,2
alle,2
decimo,2
retain,2
catchin,2
sample,2
shiverin,2
misread,2
thunder,2
foot,2
pamper,2
cherry,2
instigate,2
skinny,2
goldie,2
tax,2
board,2
whitewall,2
seven,2
applaud,2
power,2
swervin,2
chillin,2
syncopate,2
mock,2
staple,2
findin,2
electrify,2
traumatize,2
dollar,2
buttercup,2
sight,2
etch,2
glue,2
rrr,2
launch,2
met,2
lad,2
tread,2
hike,2
diggin,2
overload,2
corazón,2
dome,2
dish,2
woop,2
kinda,2
hack,2
field,2
barbeque,2
vamo,2
d'you,2
riches,2
absolve,2
boil,2
cle,2
blend,2
chauffeur,2
tove,2
program,2
oughta,2
promotin,2
ryder,2
aquí,2
infest,2
insure,2
abusin,2
resume,2
bluffin,2
kindergarten,2
lonesome,2
flourish,2
vibrate,2
glitter,2
sculpt,2
Harden,2
waist,2
pree,2
sanctify,2
soften,2
wheezin,2
yes,2
new,2
gear,2
lime,2
leanin,2
tidy,2
thrive,2
salute,2
slur,2
pat,2
stun,2
svidaniya,2
flag,2
pride,2
wha,2
sake,2
peep'd,2
settin,2
hijack,2
collar,2
rockland,2
chart,2
slink,2
gonna,2
dumpin,2
Might,2
dumb,2
suppress,2
coppin,2
child,2
checkin,2
reroute,2
cheatin,2
friend,2
worth,2
getaway,2
prop,2
plottin,2
está,2
scurre,2
murmur,2
oughtta,2
yield,2
prize,2
clench,2
disclose,2
kennt,2
buss,2
sentence,2
hmmm,2
heut,2
wie,2
powder,2
sta,2
carriage,2
ing,2
fasten,2
hiss,2
rave,2
whet,2
confes,2
fantasy,2
ask'em,2
dit,2
thaw,2
cah,2
strain,2
mothafuckas,2
time,2
thump,2
spur,2
dois,2
braggin,2
tower,2
jet,2
house,2
gurl,2
display,2
near,2
slop,2
slack,2
throught,2
trend,2
rubberband,2
withstand,2
gram,2
babysit,2
cumme,2
snowflake,2
there`,2
stamp,2
stereotypin,2
adult,2
frame,2
restore,2
resurrect,2
resemble,2
wriggle,2
total,2
loo,2
reborn,2
rephrase,2
abort,2
bed,2
fumble,2
hawler,2
cramp,2
bleach,2
switchin,2
stem,2
phase,2
rebuild,2
aid,2
paddle,2
ave,2
nose,2
stampede,2
Top,2
flossin,2
deflate,2
decease,2
triste,2
splatter,2
specialize,2
reefer,2
high,2
formulate,2
diablo,2
fizz,2
embarrass,2
embed,2
panty,2
lollipop,2
clippa,2
don,2
shady,2
dot,2
address,2
hoh,2
hock,2
boogaloo,2
posh,2
acquaint,2
breakeven,2
revive,2
lovemake,2
snake,2
slug,2
lome,2
center,2
downhearte,2
bundle,2
screwin,2
feast,2
affectionate,2
suspend,2
loot,2
playa,2
stayin,2
knuckle,2
absorb,2
fish,2
spiral,2
venture,2
value,2
tweak,2
TRYIN,2
na,2
choosin,2
host,2
stoke,2
horse,2
handcuff,2
dissin,2
strive,2
tag,2
honk,2
psychedelicize,2
chewin,2
crunke,2
white,2
fucks'n,2
renew,2
oscillate,2
ryde,2
lyric,2
Ca,2
store,2
prevail,2
yawn,2
foul,2
fishin,2
pe,2
tippin,2
must'a,2
designate,2
acknowledge,2
gossipin,2
ote,2
loc,2
outlast,2
waa,2
mul,2
homie,2
haha,2
pararara,2
owww,2
evaporate,2
amplify,2
elaborate,2
están,2
sadəcə,2
chip,2
foam,2
eatin,2
tongue,2
thuggish,2
swole,2
factor,2
impair,2
indulge,2
cram,2
commence,2
aglow,2
bawl,2
scoot,2
bank,2
code,2
pity,2
foamin,2
imply,2
envision,2
swig,2
overthink,2
slipper,2
flavor,2
yaad,2
peerh,2
nickname,2
Hat,2
yea,2
yodel,2
scrounge,2
wan,2
bubble,2
avuç,2
herke,2
slave,2
unweave,2
brung,2
exercise,2
slavin,2
backpack,2
ithout,2
followin,2
tolerate,2
tittie,2
cus,2
elope,2
pulse,2
drug,2
confine,2
select,2
dub,2
dissect,2
dominate,2
ohhhhh,2
announce,2
bro,2
peppermint,2
lure,2
thigh,2
wifey,2
em,2
dwell,2
request,2
bye,2
neeeed,2
rowdy,2
tha,2
sir,2
crime,2
tailor,2
magnify,2
effect,2
lit,2
mouth,2
genuine,2
scan,2
blossom,2
riot,2
fret,2
boost,2
craft,2
squeak,2
square,2
daze,2
tackle,2
confide,2
rang,2
frost,2
your,2
dove,2
hesitatin,2
air,2
kono,2
heartbreak,2
chrump,2
shot,2
type,2
damp,2
box,2
fo,2
karaoke,2
wiretap,2
backtrack,2
barefoot,2
homegrown,2
intimidate,2
cappin,2
button,2
humor,2
compose,2
know﻿,2
motherfucker,2
sukka,2
gravitate,2
pulverize,2
green,2
vein,2
cup,2
bra,2
reprimand,2
behold,2
COULD,2
accelerate,2
result,2
mamma,2
hawk,2
slappin,2
hidin,2
patronize,2
bumpin,2
outwrite,2
maim,2
here`,2
shrink,2
treatin,2
pawn,2
growl,2
splurge,2
hound,2
texte,2
symbolize,2
heartbeat,2
bomb,2
jaw,2
def,2
devour,2
flake,2
Try,2
suckas,2
sympathize,2
armageddon,2
twin,2
trigger,2
shimmy,2
scuff,2
reppe,2
waterbe,2
pan,2
humpin,2
Oaktown,2
gere,2
feelt,2
ménage,2
butter,2
unleash,2
trim,2
riddle,2
cuse,2
horn,2
linin,2
seat,2
perpetrate,2
overlap,2
bribe,2
gasp,2
toda,2
low,2
bettah,2
suntanne,2
fascinate,2
beaste,2
buff,2
gag,2
fuel,2
conform,2
condone,2
oblige,2
stuntin,2
thee,2
game,2
claw,2
possese,2
vacía,2
joy,2
gossip,2
crowin,2
hose,2
sie,2
cheese,2
tooky,2
pollute,2
vision,2
wieder,2
reconsider,2
filosofía,2
guard,2
interfere,2
wade,2
crow,2
stomach,2
squirm,2
pleasure,2
iiiiiiiiiiiiii,2
bowl,2
pumpin,2
flower,2
cerveza,2
shimmer,2
waiste,2
enloqueciendo,2
disgust,2
sabe,2
confirm,2
pole,2
iiii,2
glowin',2
bob,2
someplace,2
there´,2
scoop,2
bud,2
loud,2
murk,2
disarrange,1
mmmmmm,1
prestigio,1
splain,1
piani,1
Cast,1
dolle,1
randebuu,1
slimme,1
chikaduite,1
sherry,1
teardrop,1
disdain,1
natte,1
quarter,1
weepin,1
ni,1
sou,1
fib,1
sum,1
jumble,1
siree,1
striptease,1
rock'n'roll,1
up,1
prick,1
belch,1
miei,1
chord,1
hurl,1
consign,1
anemic,1
see'd,1
chatter,1
mystify,1
uptighten,1
enfold,1
notify,1
forsee,1
shameless,1
mune,1
categorize,1
advertise,1
displace,1
wring,1
rustle,1
moon,1
classify,1
simplify,1
kakusou,1
chae,1
beset,1
escalate,1
kinfolk,1
oo,1
fee,1
we,1
loke,1
gown,1
Upset,1
clamor,1
baptise,1
gypsy,1
scramble,1
incense,1
plantain,1
disregard,1
doggin,1
knackere,1
stammer,1
drugstore,1
truthe,1
same,1
tiptoe,1
bullet,1
plantin,1
hmmmm,1
organize,1
ccome,1
ike,1
aiseru,1
engine,1
outa,1
presume,1
crop,1
omou,1
ping,1
dibble,1
bee,1
rose,1
profess,1
liven,1
pal,1
still,1
jukebox,1
bit,1
boniita,1
YOURSELF,1
dj'e,1
darlin,1
model,1
peux,1
embarasse,1
poker,1
slum,1
momento,1
bette,1
care-,1
crease,1
lightnin,1
colonise,1
twisty,1
rrie,1
angle,1
ette,1
readjust,1
modify,1
mosey,1
lament,1
whooo,1
kindle,1
rrive,1
owwwww,1
wowww,1
log,1
bewilder,1
deride,1
chalk,1
doce,1
rash,1
poope,1
swayin,1
consecrate,1
parch,1
initial,1
monkery,1
correspond,1
flush,1
beleza,1
smooch,1
crest,1
cannonballe,1
bedclothe,1
weit,1
bellow,1
sung,1
newlywe,1
usin,1
beggar,1
appoint,1
spaghettie,1
orne,1
abound,1
confettie,1
sideswipe,1
sein,1
abdicate,1
dass,1
transfigure,1
dug,1
sunlit,1
sponsor,1
shortchange,1
shalt,1
find-,1
sollen,1
sunshine,1
hootenanny,1
sift,1
sagten,1
crouch,1
sky,1
tide,1
worst,1
bootleg,1
sangin,1
reopen,1
stillness,1
sneakin,1
disapprove,1
chicka,1
hooed,1
muddle,1
wicke,1
bead,1
ineed,1
diddle,1
slouch,1
mist,1
fl,1
overrule,1
Walkin,1
toddle,1
funnel,1
uncurl,1
needs,1
echar,1
draft,1
mar,1
camp,1
footstep,1
Braver,1
rove,1
ohrorô,1
ell,1
ohrorôm,1
grace,1
apre,1
squint,1
perfume,1
unkind,1
shark,1
Wipe,1
wrinkle,1
declare,1
do'yeah,1
made,1
h'uh,1
enlist,1
untill,1
beheld,1
sighin,1
cradle,1
rollerskate,1
chaff,1
fetch,1
wile,1
foil,1
existe,1
awwww,1
content,1
feat,1
sweeten,1
brave,1
adjourn,1
shedde,1
swallere,1
abbreviate,1
embroider,1
peer,1
freckle,1
penny,1
do'whoa,1
’s,1
collector,1
assist,1
deepen,1
encumber,1
unfollowe,1
strawberry,1
qué,1
amend,1
appal,1
gah,1
sile,1
clack,1
tocke,1
lustin,1
grabbin,1
overplan,1
overstand,1
commend,1
dynomite,1
fortyz,1
bankhead,1
want'cho,1
snatchin,1
decimate,1
chirpin,1
dopey,1
gloss,1
droughte,1
tawt,1
taw,1
â€~cause,1
wahn't,1
happ'nin,1
homework,1
syrup,1
out'cha,1
feedback,1
wop,1
ooe,1
mop,1
aundrea,1
afraid,1
whoppin,1
pm,1
skull,1
coladas,1
irate,1
gone,1
fog,1
downgrade,1
slidin,1
hole,1
promethazine,1
southpaw,1
staying,1
trae,1
psych,1
chose,1
mother,1
wage,1
divas,1
argu,1
sniffin,1
uste,1
pensaste,1
caliente,1
definite,1
removin,1
LET,1
SHORTY,1
HOLDIN,1
slurp,1
purp,1
las,1
desnuda,1
calzoncillo,1
role,1
spite,1
crunch,1
am,1
lockin,1
prepure,1
pimpin,1
digress,1
slight,1
ant,1
wrist,1
westside,1
bleep,1
sunrise,1
pretendo,1
yuuuuuuu,1
supersoak,1
dab,1
foresee,1
hydroplane,1
disaster,1
tee,1
glowing,1
madder,1
ho'ny,1
jonin,1
pokin,1
ben,1
supersize,1
whatchu,1
firefight,1
counter,1
exorcise,1
map,1
accent,1
tearin,1
bean,1
pshh,1
starstruck,1
definite-,1
loan,1
gp,1
evade,1
revanche,1
shtick,1
renounce,1
flunk,1
compensate,1
shore,1
carti'ac,1
steady,1
loaf,1
amore,1
arch,1
stereotype,1
dolo,1
abduct,1
led,1
clubbin,1
entitle,1
reassemble,1
swag,1
forfeit,1
heroe,1
complainin,1
suprise,1
involvin,1
hush,1
D'oh,1
balloon,1
atta,1
rearange,1
hitchhike,1
ay-,1
resort,1
fussin,1
table,1
improv,1
indicate,1
e,1
passport,1
blackbird,1
magnet,1
attain,1
henny,1
gushin,1
mush,1
swiss,1
redbone,1
treat'cha,1
lemme,1
YEAHH,1
piece,1
blister,1
sizzurp,1
as,1
blouse,1
trey,1
litte,1
aye,1
haywire,1
ponder,1
humble,1
butterfly,1
establishin,1
merrier,1
hydrant,1
pizza,1
price,1
eva,1
Pick,1
Tattoo,1
deck,1
locate,1
blush,1
guitar,1
bait,1
rédigées,1
into,1
speaker,1
tejano,1
verán,1
moment,1
buena,1
soundcheck,1
sible,1
whoo)we,1
problem,1
widin,1
wealth,1
esteem,1
insecurr,1
major,1
merke,1
merk,1
fingertip,1
surface,1
brrre,1
smokers'll,1
yessir,1
steak,1
shrimp,1
resonate,1
unpack,1
unclench,1
went,1
televise,1
mom,1
wow,1
barefoote,1
finga,1
tit,1
trunkas,1
w)ill,1
mathematise,1
taper,1
snipe,1
apl.de,1
sweet,1
forcin,1
thong,1
serv,1
wann,1
disassemble,1
initiate,1
unblock,1
parking,1
gizzo,1
reimburse,1
rhinestone,1
Sniff,1
eare,1
resistin,1
ways}​​,1
smashin,1
unsay,1
bicker,1
politic,1
ripple,1
room,1
ridin,1
buttnake,1
tek,1
access,1
exquisite,1
deyah,1
murda,1
impose,1
porch,1
mighta,1
2-way,1
night,1
sexcuse,1
​​spend,1
negotiate,1
gurantee,1
tm,1
faggot,1
ahah,1
insinuate,1
cruisin,1
squirrel,1
rassle,1
clash,1
repair,1
recognise,1
tenderize,1
blab,1
shhhh,1
favorite,1
idolize,1
ignoramus,1
assault,1
fingerprint,1
brainwash,1
nip,1
pepper,1
gouge,1
fathom,1
productshizzle,1
Shakira,1
luck,1
pant,1
recruit,1
torch,1
disengage,1
eyesight,1
red,1
spectate,1
patient,1
mek,1
fah,1
jig,1
swearin,1
swipe,1
blaow,1
grimy,1
cuttin,1
benze,1
swoll,1
Se,1
deh,1
flo,1
forge,1
punke,1
corrí,1
garantizo,1
hacerselo,1
gyrate,1
dehydrate,1
plaster,1
facete,1
doze,1
glaze,1
shoulder,1
micro,1
hearin,1
hannnnnndle,1
dooooo,1
shooken,1
nobody,1
persevere,1
squash,1
cube,1
motherfuckin,1
repute,1
look'a,1
washin,1
scent,1
bate,1
cafe,1
commitin,1
pissy,1
i"ll,1
somete,1
interlude,1
witchu,1
perfection,1
reform,1
pursuin,1
vibratin,1
starvin,1
homicide,1
floatin,1
lump,1
claimin,1
ove,1
blueish,1
moppin,1
thoroughbre,1
would'nt,1
advise,1
castigue,1
homey,1
biscuit,1
pure,1
squall,1
hotter,1
hecho,1
shakira,1
vuelve,1
muy,1
lune,1
cordinate,1
bajes,1
arrojando,1
perdone,1
backfire,1
stiffen,1
comes,1
entorauge,1
outnumber,1
pedicure,1
bully,1
strugglin,1
gunnin,1
credit,1
voot,1
tab,1
brain,1
freestyle,1
geek,1
chillen,1
pippen,1
numbin,1
banana,1
potty,1
Polo'd,1
upload,1
gree,1
dark,1
dye,1
holdin,1
misinform,1
rider,1
knuckin,1
gauge,1
See,1
outlive,1
finesse,1
nesse,1
voodoo,1
catfishin,1
import,1
bunny,1
papi,1
killin,1
jar,1
jog,1
lecture,1
fishtail,1
litterin,1
fact,1
partake,1
mothafuckin,1
sufre,1
goza,1
quiera,1
reciben,1
pue,1
cubana,1
mudé,1
biliyorsun,1
sürtükleri,1
yeşil,1
our,1
jeopardize,1
solo,1
stankin,1
honest,1
course,1
meme,1
screenshottin,1
ot,1
unforgive,1
overweight,1
limit,1
yella,1
strollin,1
level,1
pos,1
process,1
mutombo,1
valet,1
cousin,1
searchin,1
washy,1
rental,1
diye,1
sedate,1
neden,1
sütyenleri,1
thotte,1
gente,1
fiesta,1
seguimo,1
palo,1
suéltate,1
son,1
eurostep,1
yellow,1
confiscate,1
lense,1
fakin,1
savage,1
snakin,1
sluttin,1
unroll,1
tally,1
graveyard,1
administer,1
copyin,1
disease,1
veo,1
rinse,1
sub,1
dismantle,1
harassin,1
relapse,1
lost,1
dweet,1
timid,1
fling,1
hacía,1
tweakin,1
br-,1
cementin,1
special,1
hoodie,1
gassin,1
teeny,1
girlfriend,1
rebound,1
clonin,1
latino,1
circumnavigate,1
viendo,1
alight,1
swipin,1
scammin,1
flockin,1
tricky,1
tittyfuck,1
lease,1
sis,1
medicate,1
gnihtemo,1
Earl,1
hace,1
tore,1
somo,1
sandunga,1
esa,1
chico,1
estimulación,1
cazaré,1
hazme,1
traviesa,1
sí,1
preciso,1
chokin,1
resent,1
knob,1
vegan,1
queens,1
ruffle,1
bandana,1
inconsistent,1
crill,1
hoopin,1
Sheeran,1
kennel,1
testin,1
su,1
courbe,1
avec,1
sen,1
endorsin,1
calculate,1
solidify,1
quadruple,1
wetty,1
hunnid,1
preocupe,1
perdimo,1
no,1
estoy,1
estamos,1
demasiado,1
escupe,1
chica,1
birthday,1
coexist,1
snort,1
sugarcoat,1
intrigue,1
beefin,1
wannabe,1
Hunnid,1
punt,1
squirt,1
bestie,1
residue,1
otra,1
edición,1
mucha,1
skrr,1
sauce,1
afterlife,1
pressurize,1
ok,1
geeky,1
tale,1
muah,1
pit,1
cremate,1
ttaerineun,1
bappe,1
celibate,1
tyrant,1
panel,1
ascend,1
fluxuate,1
father,1
greener,1
just-,1
stinger,1
washed,1
falsetto,1
coupe,1
overprice,1
pleeza,1
roof,1
jammie,1
found,1
paraphrase,1
rewire,1
a,1
buffin,1
exceed,1
e'rythe,1
assemble,1
swindle,1
plaid,1
cookin,1
sheet,1
conflict,1
mile,1
moonshine,1
psshh,1
fray,1
textse,1
smite,1
transfer,1
ricochet,1
overthrow,1
plague,1
cornbread,1
bilmirəm,1
deprive,1
syndicate,1
vindicate,1
pire,1
tov,1
nunchuck,1
thunderstorm,1
skeet,1
peanut,1
həm,1
borderline,1
ripe,1
vodka,1
outclass,1
fluster,1
barb,1
detour,1
terrify,1
bartende,1
verdin,1
seçimlərim,1
project,1
güldünüz,1
tequila,1
tether,1
stitch,1
coope,1
brrrrrrap,1
cardio,1
doctor,1
brainstorm,1
qərarsız,1
tək,1
çırpındığını,1
hamısı,1
verib,1
önəmli,1
borcumu,1
danışaq,1
dayana,1
ağıl,1
özünə,1
düşmürəm,1
anoint,1
wife'e,1
salty,1
sicker,1
Th,1
annihilate,1
mummify,1
gyal,1
bimbos,1
critique,1
gate,1
waltz,1
meetin,1
turf,1
colossal,1
féministe,1
sexe,1
smudge,1
sneeze,1
circulate,1
deaf,1
coffin,1
orchestrate,1
associate,1
goldish,1
roleplay,1
prayin,1
profit,1
charter,1
camo'ed,1
leg,1
benefit,1
finessin,1
déchire,1
trémousse,1
moi,1
attest,1
thuggin,1
pink,1
motorboat,1
peruse,1
pend,1
dap,1
skype,1
finna,1
snitchin,1
mummafunka,1
snortin,1
exfoliate,1
roughin,1
think﻿,1
corrode,1
booty,1
exit,1
deluxe,1
rooftop,1
levitate,1
recount,1
enjoyin,1
speck,1
U.O.E.N.O,1
influence,1
squander,1
shadowbox,1
birdbrain,1
lather,1
aftershave,1
impale,1
picket,1
creak,1
prevent,1
dangle,1
inflate,1
spawn,1
rally,1
exalt,1
douche,1
till,1
stirrin,1
har,1
hitta,1
soberin,1
bei,1
real,1
fufu,1
overstate,1
intervene,1
lleva,1
suplico,1
lento,1
corta,1
epiphanie,1
B,1
untame,1
crystallize,1
flurry,1
porcelain,1
crunk,1
miscalculate,1
Fad,1
duel,1
fesse,1
toleratere,1
o.p.p.,1
badger,1
congratulate,1
aggravate,1
retrace,1
windsurf,1
hottie,1
startle,1
yank,1
down,1
maxin,1
beepin,1
hardcore,1
proof,1
spruce,1
flail,1
bridge,1
You`re,1
couple,1
tounge,1
sippii,1
see-,1
soakin,1
flam,1
pickin,1
gritty,1
heaven,1
jab,1
violin,1
attitude,1
dispute,1
web,1
bun,1
cleave,1
krosse,1
fictionalize,1
go)(9x,1
go)(14x,1
legit,1
gel,1
thrice,1
refresh,1
we`re,1
disappiont,1
upside,1
coax,1
aphrodisiac,1
rapping,1
rotten,1
gawk,1
od,1
manhandle,1
mmmm,1
don`t,1
be[x2,1
fame,1
fellow,1
signify,1
spoon,1
litigate,1
saccharine,1
Yeow,1
fare,1
refract,1
steam,1
verdad,1
sunburnt,1
fax,1
pearl,1
conduct,1
ante,1
m-,1
quiere,1
alternate,1
outshine,1
enthuse,1
exact,1
rear,1
rememeber,1
a1a,1
Na,1
collaborate,1
Alright,1
opposite,1
provin,1
siiighe,1
appease,1
sleaze,1
sustain,1
elect,1
uplift,1
disillusion,1
squish,1
jazz,1
gra,1
bas,1
Breathe,1
submit,1
mister,1
amuse,1
garbage,1
bitchmade,1
loce,1
plait,1
pee,1
innovate,1
frequent,1
Realise,1
left,1
pig,1
litter,1
utter,1
psyche,1
redefine,1
worshippin,1
gat,1
dooo,1
breach,1
outdo,1
perplex,1
recommene,1
tilt,1
tapin,1
cain't,1
teel,1
gulp,1
cultivate,1
babble,1
rice,1
decicate,1
be-,1
lurch,1
rescind,1
mere,1
ray,1
better,1
hem,1
evil,1
idren,1
raid,1
stoppa,1
stag,1
quest,1
contradict,1
originate,1
vandalize,1
rupture,1
SLAM,1
colorize,1
prompt,1
haver,1
scoopin,1
immaculate,1
freewheel,1
splendid,1
butt,1
al-,1
lynchin,1
loc'ed,1
shakata,1
lef,1
troo,1
overshadow,1
sland,1
browse,1
desist,1
respeck,1
haffa,1
crabbin,1
raggamuffin,1
bluff,1
inmate,1
dat,1
withhold,1
lodge,1
suckaz,1
lamp,1
gots,1
decree,1
extasy,1
rubin,1
passchendaele,1
decay,1
humdrum,1
frowns,1
choppin,1
unaffecte,1
sera,1
ooo,1
reed,1
apologise,1
coil,1
engineer,1
morn,1
prearrange,1
coach,1
bhop,1
meanie,1
inch,1
Ought,1
beckon,1
fancy,1
unriddle,1
saw,1
won`t,1
overtook,1
ooooo,1
petrify,1
loggin,1
escort,1
urgent,1
huddle,1
overpower,1
resolve,1
entrust,1
chunder,1
ha,1
crucifix,1
flannel,1
grandpa,1
shuriken,1
bedroom,1
outgrow,1
farm,1
rhythm,1
personalize,1
regiment,1
discontent,1
dont'cha,1
safari)with,1
partir,1
it`,1
gratitude,1
libe,1
merengue,1
blot,1
resign,1
fiddle,1
disco,1
ize,1
luh,1
somemore,1
wrack,1
freshen,1
duckle,1
ravage,1
whittle,1
pa'lo,1
misconstrue,1
deseo,1
zap,1
wand're,1
henpecke,1
trespass,1
ah-2,1
mommy,1
motivate,1
harbor,1
intrude,1
thunderbolt,1
shuffle,1
callous,1
goinna,1
tile,1
muzzle,1
twiddle,1
twiggle,1
halt,1
sole,1
ambush,1
whoop,1
dethrone,1
parlor,1
sunset,1
cluck,1
tryin',1
yearnin,1
autograph,1
fer,1
time​,1
submerge,1
hypnotise,1
verge,1
endear,1
heartache,1
unopene,1
encircle,1
speculate,1
coverin,1
huah,1
huuuah,1
qualify,1
recapture,1
fracture,1
madness,1
merge,1
taxi,1
distort,1
Cherish,1
mover,1
earre,1
fac'em,1
now--,1
right)--you're,1
right),1
schicken,1
reachout,1
romance,1
gefälschte,1
martyr,1
scale,1
subtract,1
j.j,1
anythin,1
backway,1
starlight,1
haysee,1
hint,1
fatback,1
veil,1
s'pose,1
ahhhh,1
dreamer,1
goddess,1
fashion,1
spre,1
liebten,1
ruft,1
verbrenne,1
jetzt,1
auf,1
lachen,1
Do,1
outbid,1
shudder,1
jungle,1
nullify,1
chant,1
degenerate,1
a'stande,1
dilate,1
film,1
tattoo’d,1
mislay,1
plain,1
unheede,1
procrastinate,1
capsize,1
dehumanize,1
shiri,1
sideway,1
abhor,1
unknown,1
decode,1
breakdown,1
rechecke,1
ficken,1
risin,1
krassen,1
ernst,1
sind,1
anscheinend,1
alabaster,1
breakdance,1
terrorize,1
leave-,1
idle,1
starbright,1
go-,1
vendettas,1
wield,1
science,1
peg,1
war'n,1
dissatisfy,1
parti,1
fadeout,1
function,1
stride,1
airbrush,1
devise,1
nowwwwww,1
socialize,1
sober,1
loneliness,1
chronic'd,1
hookin,1
nerede,1
hiçbir,1
gelmek,1
dinlemiyordun,1
bakarken,1
kalırsa,1
değil,1
boğarak,1
olduğumda,1
akşam,1
onu,1
gün,1
sevmiyorsan,1
dinlesen,1
verdi,1
kazandırdı,1
personify,1
shook,1
playas,1
substitute,1
hoed,1
overcharge,1
herbe,1
timeless,1
hallucinate,1
queue,1
ballin,1
asleep,1
parole,1
placin,1
camera,1
straddle,1
abracadabra,1
self,1
inhale,1
waiver,1
set'cha,1
review,1
glocke,1
stage,1
duvarlarıma,1
gücüm,1
digest,1
kaboom,1
landin,1
strengthen,1
hootchie,1
lavish,1
duplicate,1
pac,1
Your'e,1
leed,1
sim,1
improvin,1
perve,1
ouuuuu,1
krunk,1
spottin,1
ain`t,1
span,1
ummm,1
scribble,1
relinquish,1
disarm,1
devilish,1
ccumulate,1
slaughter,1
candy,1
gotsta,1
sack,1
infatuate,1
beatin,1
Ooohh,1
crawfish,1
knick,1
outstretche,1
noche,1
illiterate,1
jeep,1
gs,1
como,1
validate,1
spittin,1
suin,1
whoopin,1
leel,1
ensure,1
courage,1
cream,1
cocked,1
pulpitate,1
bloody,1
deservin,1
limber,1
sob,1
reinvent,1
sexualize,1
oversleep,1
hippe,1
prepay,1
triz,1
serene,1
het,1
hayo,1
replenish,1
sand,1
crossover,1
bankrupt,1
blacken,1
pillow,1
eht,1
wheel,1
bi,1
derange,1
gem,1
oooohhh,1
halve,1
rude,1
groom,1
hoot,1
shell,1
floppy,1
len,1
comfy,1
appealin,1
spreadin,1
boe,1
dividend,1
witcha,1
fri,1
should'a,1
crippe,1
chow,1
poof,1
lawn,1
Get,1
update,1
geuss,1
plaide,1
induce,1
nuttin,1
universal,1
E,1
fo'-fo,1
iceberg,1
malnutritione,1
overreact,1
nominate,1
motherfuck,1
hoop,1
won't,1
​​​​​​fades}​​​​​​​,1
worrdd,1
bono,1
partna,1
dad,1
cot'-picke,1
immitate,1
blinge,1
cornrow,1
girls,1
REMIX,1
flarin,1
ransom,1
concede,1
shootout,1
OD'n,1
partie,1
tantalize,1
squat,1
bay-,1
hollow,1
blam,1
scram,1
svnd,1
brandish,1
mink,1
mature,1
missin,1
emerge,1
baldheade,1
nest,1
bask,1
untitle,1
bumrushe,1
paintin,1
recoup,1
belittle,1
oohh,1
wiseguy,1
silk,1
vex,1
sipper,1
roughest,1
pinto,1
tramp,1
blitz,1
sick,1
examine,1
unique,1
card,1
dessert,1
procede,1
derail,1
scratch'em,1
slackin,1
scopin,1
fastlove,1
zig,1
thizat,1
belly,1
chiefin,1
undres,1
feelme,1
outfit,1
fittin,1
tamikra,1
vend,1
aggie,1
fluff,1
bleedin,1
evaluate,1
liken,1
deepthroat,1
loc'd,1
'em,1
endeavour,1
shhhhhhhhhh,1
forgettin,1
riight,1
escargot,1
e'ry,1
refer,1
relay,1
reufse,1
evict,1
kitten,1
subliminal,1
bath,1
softenin,1
mass,1
excel,1
overcometh,1
phat,1
freek'n,1
enable,1
bitchin,1
ready,1
soggy,1
op,1
teepee,1
cower,1
day,1
buggin,1
anew,1
croak,1
mixin,1
pissin,1
gooo,1
bustle,1
tamika,1
rolls,1
trump,1
vouch,1
smushe,1
wanst,1
milk,1
confound,1
disbelieve,1
mo,1
unbend,1
unitie,1
interchangin,1
banish,1
sinnin,1
lacin,1
unload,1
dummy,1
caramel,1
adapt,1
horde,1
vulture,1
always'll,1
unwrap,1
wyle,1
feen,1
ossen,1
turbo,1
counteract,1
liar,1
mami,1
deface,1
showcase,1
position,1
thrust,1
Placin,1
macin,1
replacin,1
flashlight,1
overdo,1
rakin,1
Ohhhhhhh,1
represen'ed,1
timbo,1
emerald,1
topless,1
tween,1
fist,1
bailamo,1
candlelight,1
fortie,1
dissapeare,1
handicap,1
goddammit,1
crib,1
mire,1
chorus,1
rakhi,1
peck,1
wadh,1
khad,1
lesson,1
koofe,1
moonwalk,1
blazin,1
ruckin,1
landscape,1
x,1
jancin,1
dirty,1
immortalize,1
smoothin,1
emblazon,1
flatten,1
C.R.E.A.M.,1
Illway,1
dkny,1
whisperin,1
misunderstood,1
sexiness,1
Sexy,1
looove,1
audition,1
plush,1
fund,1
harrase,1
cuz,1
dignify,1
regain,1
massage,1
unanswere,1
unloading,1
breathin,1
reak,1
soundview,1
auction,1
tickin,1
gunna,1
tre,1
acquit,1
permit,1
cosign,1
range,1
boomerang,1
ridicule,1
scour,1
downin,1
tru,1
monopolize,1
gangbang,1
riche,1
undone,1
roamin,1
misdoubt,1
sentulate,1
propa,1
cokin,1
