so,11932
just,11176
when,9409
now,8648
never,5516
how,4660
back,3677
here,3538
away,3255
why,3046
too,2957
then,2890
where,2837
there,2461
again,2253
ever,2238
really,2226
right,2206
all,2121
still,2035
always,1977
down,1950
only,1826
even,1481
around,1371
long,1295
home,1214
together,1166
up,1128
more,1128
forever,997
better,983
maybe,862
much,860
no,811
out,804
else,781
on,743
as,713
alone,702
far,651
over,649
sometimes,563
inside,537
hard,504
once,491
soon,405
enough,386
apart,383
anymore,366
deep,360
real,358
very,353
fast,320
well,304
in,299
at,297
finally,266
round,262
everywhere,258
straight,250
matter,250
ayy,249
first,240
nowhere,236
somewhere,236
already,234
pretty,231
before,226
tight,221
whenever,208
next,206
somehow,203
almost,201
rather,191
about,189
that,185
ahead,182
close,181
yet,175
kinda,173
probably,172
way,169
til,169
ago,165
late,162
by,159
anywhere,156
above,152
slowly,152
someday,150
closer,149
twice,148
high,148
lately,144
instead,138
behind,128
longer,128
fine,123
wherever,123
oooh,120
outside,117
harder,113
of,113
later,111
loud,109
damn,109
along,105
sure,103
movin,103
surely,102
most,101
though,97
nelly,97
suddenly,96
slow,93
kind,93
everyday,92
awhile,85
forth,83
anyway,82
easy,81
exactly,80
low,78
faster,78
off,76
quite,73
hardly,73
softly,72
after,70
wide,69
anytime,69
through,64
less,63
forward,59
simply,59
naturally,58
upside,57
best,56
often,55
barely,54
honestly,53
bet,53
constantly,52
truly,52
half,49
near,48
higher,48
little,45
nearly,45
louder,44
whoa,44
aside,43
further,42
live,42
indeed,42
completely,41
usually,41
standin,40
sometime,39
wrong,38
last,38
any,37
especially,37
early,37
easily,34
',34
totally,33
overnight,33
endlessly,33
gently,32
solo,32
booty,32
yea,30
halfway,30
adiós,29
possibly,29
alright,28
quickly,28
doubt,26
clearly,26
givin,26
super,25
definitely,24
prolly,24
holla,23
nah,23
perfectly,22
least,22
molly,20
aye,20
tenderly,20
quick,20
gladly,19
fo,19
below,19
ohh,19
course,19
happily,19
desperately,19
second,18
philly,18
south,18
absolutely,18
sooner,18
outta,18
badly,17
also,17
patiently,17
collide,17
backwards,17
carefully,17
mighty,17
esrever,16
eventually,16
deeply,16
oughta,16
bubbly,16
a,16
quicker,16
it`s,15
ohhhh,14
bully,14
ya,14
everytime,14
eternally,14
both,14
ass,14
whutooo,13
hopefully,13
something,13
whoomp,13
dead,13
naughty,13
uhh,12
unreal,12
every,12
worldwide,12
madly,12
deedily,12
strictly,11
fully,11
perhaps,11
brighter,11
ill,11
faithfully,11
thus,11
go'n,11
bad,11
daily,11
diddy,11
deeper,10
oogie,10
ayo,10
sweetly,10
extra,10
lightly,10
personally,10
without,10
aloud,10
front,10
dolly,9
groovin,9
anew,9
overseas,9
afar,9
seriously,9
good,9
oohohh,9
awfully,9
groove,9
deedely,9
hey,9
afire,9
c'est,9
willy,9
silently,9
altogether,8
regardless,8
sort,8
north,8
helplessly,8
instinctively,8
meanwhile,8
however,8
heavenly,8
highly,8
specially,8
nothing,8
quietly,8
actually,8
achy,8
underground,8
babe,8
golly,7
oooooh,7
nuh,7
slightly,7
merely,7
dearly,7
astray,7
tightly,7
proud,7
incessantly,7
shorty,7
hopelessly,6
curly,6
forwards,6
seldom,6
sideways,6
blindly,6
freely,6
awake,6
ridin,6
silly,6
sadly,6
afloat,6
shortly,6
wha,6
lace,6
anyhow,6
can`t,6
crazy,6
brightly,6
milly,6
sweeter,5
differently,5
rarely,5
windin,5
downstairs,5
nowadays,5
mostly,5
obviously,5
deh,5
nevertheless,5
big,5
nicely,5
not,5
within,5
secretly,5
easier,5
indefinitely,5
bom,5
mentally,5
kindly,5
cha,5
is,5
logically,5
openly,4
lovely,4
basically,4
gully,4
ooohwee,4
don`t,4
cartier,4
pearly,4
hup,4
underneath,4
either,4
certainly,4
jelly,4
unloose,4
left,4
respectfully,4
under,4
sudden,4
loosely,4
selfishly,4
nunca,4
physically,4
farther,4
crank,4
ugly,4
politely,4
uncontrollably,4
loose,4
casually,4
keg,4
worse,4
hardcore,4
short,4
this,4
barefoot,4
automatically,4
nevermore,4
plain,4
ghostly,4
boldly,4
nightly,4
therefore,4
aboard,4
lively,4
nigh,4
heartbreak,4
feedin,4
otherwise,4
loco,3
terribly,3
full,3
ashore,3
past,3
originally,3
swiftly,3
privately,3
utterly,3
afterwards,3
wah,3
oooooooh,3
backstage,3
furthermore,3
whatsoever,3
immediately,3
properly,3
dangerously,3
niggas,3
lucky,3
go,3
lowly,3
for,3
starvin,3
n'y,3
great,3
sexually,3
sendin,3
abos,3
cockatoo,3
sly,3
asleep,3
blue,3
&,3
darling,3
momma,3
reluctantly,3
worst,3
technically,3
partly,3
upstairs,3
emotionally,3
extremely,3
jolly,3
frankly,3
fadin,3
fi,3
southeast,3
girly,3
dome,3
nahos,3
unselfishly,3
typically,3
goodbye,3
dere,3
safely,3
entirely,3
gradually,3
plainly,3
across,3
since,3
proudly,3
deaf,3
chirpy,3
playas,3
izzo,3
new,3
romantically,3
definetly,3
tailfeather,3
apiece,3
closely,2
dilly,2
alibis,2
warmly,2
loudly,2
wider,2
ten,2
thereafter,2
whisper,2
slower,2
allright,2
temporarily,2
likely,2
hully,2
neither,2
drivin,2
gotcha,2
filly,2
foul,2
likewise,2
yay,2
almighty,2
impatiently,2
pony,2
holdin,2
sally,2
ruby,2
fairly,2
please,2
x2,2
ooooooo,2
shapely,2
gracefully,2
hum,2
beyond,2
oohoohooh,2
horizontally,2
younger,2
fuck,2
betta,2
voy,2
slavin,2
anorexic,2
besides,2
relentlessly,2
fresher,2
accidentally,2
nuevo,2
greasily,2
effortlessly,2
belly,2
nother,2
elly,2
fourth,2
opposite,2
phenomenally,2
aground,2
finisher,2
literally,2
pro,2
runaway,2
fiendin,2
diddly,2
hypothetically,2
instantly,2
overall,2
heh,2
outdoors,2
filthy,2
mayhem,2
solemnly,2
directly,2
vayas,2
sí,2
online,2
cain't,2
i'on't,2
apeshit,2
soft,2
supreme,2
sleazily,2
frontway,2
solely,2
undercover,2
ope,2
ooohh,2
abroad,2
ight,2
whattup,2
drank,2
thun-,2
llevo,2
flex,2
preferably,2
practically,2
whore,2
condescendingly,1
seductively,1
rapidly,1
naze,1
double,1
dividin,1
pistols,1
nonstop,1
custom,1
beside,1
essentially,1
permanently,1
alongside,1
ohhhhhh,1
nervously,1
awkward,1
cleverly,1
unusually,1
carelessly,1
onward,1
dreadfully,1
illy,1
blud,1
icky,1
iamsagun,1
thru,1
morally,1
naji,1
horribly,1
dark,1
immaculately,1
cryptically,1
wavin,1
awesome,1
premiere,1
internally,1
continually,1
broad,1
slizzard,1
holier,1
stripper,1
because,1
religiously,1
smarter,1
oven,1
exposé,1
todo,1
top,1
fo'-five,1
compulsively,1
​​and,1
utter,1
bright,1
erryday,1
bently,1
normally,1
hallways,1
telly,1
somewhat,1
relax,1
spicy,1
plus,1
nitti,1
joyas,1
dejo,1
aka,1
aight}​,1
tighter,1
badass,1
robocop,1
neah,1
thin,1
metaphorically,1
steadily,1
poorly,1
initially,1
third,1
eczema,1
walk,1
broke,1
devoutly,1
fadeaway,1
unbelievably,1
oti,1
yıldız,1
cardboard,1
pleather,1
the-,1
blunt,1
haa,1
locally,1
but,1
whirly,1
horny,1
illegally,1
heavily,1
airbnb,1
gaily,1
wildin,1
qué,1
latino,1
dolo,1
bobos,1
excellente,1
rapido,1
keely,1
loudest,1
tiburón,1
argumento,1
nadie,1
persistent,1
confetti,1
abrupt,1
around?(yea,1
tryna,1
finest,1
applaudin,1
suky,1
celly,1
love,1
unkindly,1
ursher,1
hardest,1
vibe,1
hourly,1
oow,1
fuzzy,1
skyward,1
persevere,1
kosher,1
trey,1
been,1
subliminally,1
admittedly,1
necessarily,1
undoubtably,1
rədd,1
soundly,1
sonically,1
musically,1
twister,1
na,1
bong,1
2x,1
c,1
sleazy,1
genuinely,1
mənasız,1
izləyib,1
worldly,1
remotely,1
okay,1
ay,1
bastard,1
realest,1
apparently,1
jealously,1
audibly,1
e'm,1
onesie,1
sharply,1
separately,1
deyə,1
truthfully,1
whassup,1
wonsyas,1
increasingly,1
wisely,1
comfortably,1
brrrrraps,1
phere,1
push,1
soruşacaqsınız,1
fastly,1
chicky,1
drastically,1
ofcourse,1
affectionately,1
fortunately,1
wooow,1
pushin,1
steady,1
letcha,1
stately,1
nearby,1
aback,1
cautiously,1
untold,1
hot,1
hillbilly,1
head,1
strong,1
amadeus,1
exaltiert,1
populär,1
wie,1
anxiously,1
red,1
bravely,1
tweedily,1
cab,1
someone'll,1
tragically,1
do,1
priestly,1
maze,1
seemingly,1
wollt,1
bolder,1
anyways,1
verdad,1
homely,1
oooooooooh,1
mack,1
truem,1
scantily,1
decently,1
para-,1
foolishly,1
whomever,1
fake,1
cold,1
exclusively,1
squeaky,1
witty,1
blatantly,1
soakin,1
solid,1
ache,1
trashy,1
prob'bly,1
incredibly,1
uphill,1
clover,1
haaard,1
extraordinarily,1
incidentally,1
momentarily,1
we`ll,1
oooooohh,1
sleepily,1
midnight,1
deathly,1
playfully,1
joyfully,1
frenchy,1
particularly,1
wurly,1
purely,1
dreamily,1
reknown,1
coolly,1
amazingly,1
alike,1
mainly,1
neat,1
grisly,1
save,1
strategically,1
uniquely,1
perspire,1
frostbite,1
ôi,1
some,1
fundamentally,1
flat,1
strangely,1
clear,1
billy,1
fondly,1
counter,1
hauntingly,1
nearer,1
melly,1
chévere,1
warily,1
chilly,1
frantically,1
greatly,1
tough,1
in-2,1
nicer,1
haha,1
sneeze,1
ooooooooooh,1
hotter,1
sincerely,1
drastic,1
remindin,1
occassionsly,1
vividly,1
trapeze,1
heheheh,1
mightly,1
total,1
foe,1
here`s,1
acne,1
mutt,1
bashin,1
abruptly,1
recently,1
busily,1
meth,1
oooohh,1
everday,1
piously,1
hoplessly,1
wasn't,1
sloppily,1
drilly,1
versa,1
nighttime,1
hopin,1
ooohhh,1
ungratefully,1
dim,1
relievin,1
polisi,1
sigh,1
it?s,1
ettiğin,1
unhappily,1
pone,1
beeeze,1
hangin,1
infinitely,1
politically,1
soundscan'n,1
spatially,1
definately,1
d'n,1
slindin,1
funny,1
princely,1
vaguely,1
frequently,1
trynna,1
ie,1
manly,1
twiddly,1
fancy,1
woogedly,1
electrically,1
deliberately,1
pitifully,1
unexpectedly,1
needlessly,1
overhead,1
individually,1
set,1
innocently,1
woh,1
percetly,1
nough,1
freeze,1
brutally,1
majorly,1
outkast,1
consciously,1
unparallel,1
loadin,1
sho0,1
waller,1
downright,1
ev'rywhere,1
intendin,1
wally,1
inevitably,1
strally,1
knewm,1
snot,1
lonely,1
mmm,1
freek'n,1
hide,1
scribble,1
suckas,1
freshly,1
neatly,1
buzz,1
slatt,1
equally,1
